動画ID,動画タイトル,中分類・領域,評価フォームURL,Record Count
COMP-460,臨床判断前のマインドフル・ポーズ,プロフェッショナリズム,▶ 評価する,2
COMP-212,医療安全：インシデント報告,医療安全,▶ 評価する,1
COMP-217,離島・へき地での遠隔診療,地域医療,▶ 評価する,1
COMP-218,災害後の心理的応急処置（PFA）,精神・災害医療,▶ 評価する,1
COMP-216,AI診断支援システムとの協調,未来の医療,▶ 評価する,1
COMP-221,診療情報の開示と共有,医療倫理,▶ 評価する,1
COMP-222,臨床研究への協力依頼,医療倫理,▶ 評価する,1
COMP-223,終末期における「家で過ごす」選択,緩和・地域医療,▶ 評価する,1
COMP-224,針刺し事故発生時の初期対応,医療安全,▶ 評価する,1
COMP-225,医学生の白衣授与式,プロフェッショナリズム,▶ 評価する,1
COMP-413,薬剤耐性菌（MDRO）アウトブレイクへの対応,感染管理,▶ 評価する,1
COMP-220,シミュレーション実習のデブリーフィング,教育,▶ 評価する,1
COMP-424,終末期ではない段階でのアドバンス・ディレクティブ,倫理・地域医療,▶ 評価する,1
COMP-429,認知症の行動・心理症状（BPSD）への対応,高齢者医療,▶ 評価する,1
COMP-434,医療事故・誤薬の開示,医療安全,▶ 評価する,1
COMP-443,精巣腫瘍（若年男性の健康教育）,泌尿器・公衆衛生,▶ 評価する,1
COMP-444,ICUせん妄と非薬物介入（ABCDEF Bundle）,集中治療,▶ 評価する,1
COMP-445,医療倫理：DNR（蘇生不要指示）の慎重な再確認,医療倫理,▶ 評価する,1
COMP-448,医師のセルフ・コンパッション,ウェルビーイング,▶ 評価する,1
COMP-454,困難な状況での医療事故説明（家族への対応）,医療安全,▶ 評価する,1
COMP-455,慢性疼痛への全人的アプローチ,緩和・地域医療,▶ 評価する,1
DISE-155,分娩中の常位胎盤早期剥離,産婦人科,▶ 評価する,1
COMP-465,医療倫理：沈黙の打破（Speak Up）,医療安全,▶ 評価する,1
COMP-467,在留外国人への診療（言語と文化の壁）,国際医療,▶ 評価する,1
COMP-470,地域医療：精神科疾患へのスティグマへの対応,地域医療・精神,▶ 評価する,1
COMP-474,手術直前の「マインドフル・タイムアウト）,医療安全,▶ 評価する,1
COMP-421,ヘルスリテラシーへの配慮,医療教育,▶ 評価する,1
COMP-480,看護師の視点を活かす多職種カンファレンス,チーム医療,▶ 評価する,1
COMP-482,治療抵抗性への動機付け面接,行動変容,▶ 評価する,1
COMP-485,「セカンド・ビクティム」への支援,医療安全,▶ 評価する,1
COMP-486,AI搭載デジタル聴診器による心音可視化,未来の医療,▶ 評価する,1
COMP-487,VRを用いた解剖学・手術シミュレーション,教育ICT,▶ 評価する,1
COMP-488,ゲノム・エキスパートパネル,次世代医療,▶ 評価する,1
COMP-489,ウェアラブルデバイスによる在宅遠隔モニタリング,地域医療・ICT,▶ 評価する,1
COMP-490,グローバル・ヘルス：テレ・カンファレンス,国際医療,▶ 評価する,1
COMP-491,医学生の家庭訪問実習：生活背景の理解,教育・地域医療,▶ 評価する,1
COMP-492,多世代にわたる「かかりつけ医」の診療,地域医療,▶ 評価する,1
COMP-493,大規模災害訓練（リーダーシップ）,災害医療,▶ 評価する,1
COMP-494,医学生による模擬患者（SP）との面談演習,教育,▶ 評価する,1
COMP-495,臨床倫理コンサルテーション：葛藤の中の意思決定,医療倫理,▶ 評価する,1
COMP-496,メンターシップ：ベテラン医師から若手へのバトン,教育,▶ 評価する,1
COMP-497,高機能シミュレーターによる究極のトレーニング,教育ICT,▶ 評価する,1
COMP-498,医学生による「現代のヒポクラテスの誓い」,プロフェッショナリズム,▶ 評価する,1
COMP-499,ウェルビーイング：マインドフルな医師の微笑み,ウェルビーイング,▶ 評価する,1
COMP-500,GAMED-X：シミュレーションから真の救命へ,教育ICT,▶ 評価する,1
DISE-153,分娩中の胎児仮死,産婦人科,▶ 評価する,1
DISE-154,分娩中の妊婦の痙攣（子癇）,産婦人科,▶ 評価する,1
DISE-241,うつ病の診断と自殺リスク評価,精神科,▶ 評価する,1
DISE-160,重症薬疹（SJS/TEN）の初期診察,皮膚科,▶ 評価する,1
DISE-165,急性喉頭蓋炎,耳鼻咽喉科,▶ 評価する,1
DISE-166,有機リン中毒,救急・中毒,▶ 評価する,1
DISE-167,一酸化炭素中毒,救急・中毒,▶ 評価する,1
DISE-169,救急外来での心タンポナーデ,救急・循環器,▶ 評価する,1
DISE-170,壊死性筋膜炎,救急・皮膚,▶ 評価する,1
DISE-175,苦痛緩和のための鎮静,緩和ケア,▶ 評価する,1
DISE-176,急性腸間膜虚血症,救急・消化器,▶ 評価する,1
DISE-177,食道静脈瘤破裂（緊急対応）,消化器・救急,▶ 評価する,1
COMP-479,複雑な慢性疾患における共有意思決定（SDM）,医療倫理,▶ 評価する,1
DISE-180,多発性硬化症（MS）,脳神経内科,▶ 評価する,1
DISE-181,褐色細胞腫（クリーゼ）,内分泌,▶ 評価する,1
DISE-182,壊死性筋膜炎とクラッシュ症候群,災害・外科,▶ 評価する,1
DISE-183,分娩中の肩甲難産（チーム対応）,産婦人科,▶ 評価する,1
DISE-184,卵巣嚢腫茎捻転,産婦人科,▶ 評価する,1
DISE-185,気道異物吸引（小児・気管支）,小児・耳鼻科,▶ 評価する,1
DISE-186,脊髄圧迫症候群,腫瘍・神経,▶ 評価する,1
DISE-187,産後大出血（PPHへの初期対応）,産婦人科,▶ 評価する,1
DISE-188,ギラン・バレー症候群（GBS）,脳神経内科,▶ 評価する,1
DISE-189,敗血症の1時間バンドル,救急,▶ 評価する,1
DISE-190,肥厚性幽門狭 Cedric 窄症,小児外科,▶ 評価する,1
DISE-192,羊水塞栓症,産婦人科,▶ 評価する,1
DISE-193,血栓性血小板減少性紫斑病（TTP）,血液,▶ 評価する,1
DISE-195,急性肢虚血（Blue Toe）,血管外科,▶ 評価する,1
DISE-196,高浸透圧高血糖状態（HHS）,糖尿病・代謝,▶ 評価する,1
DISE-197,劇症肝炎,消化器,▶ 評価する,1
DISE-199,急性虚血性腸炎,消化器,▶ 評価する,1
DISE-200,多臓器不全（MODS）,集中治療,▶ 評価する,1
DISE-201,副腎不全（アジソン病）,内分泌,▶ 評価する,1
DISE-202,播種性血管内凝固（DIC）,血液,▶ 評価する,1
DISE-203,慢性閉塞性動脈疾患（ASO/PAD）,血管・循環器,▶ 評価する,1
DISE-204,ヘノッホ・シェーンライン紫斑病（小児）,小児科・皮膚,▶ 評価する,1
DISE-205,筋萎縮性側索硬化症（ALS）,脳神経内科,▶ 評価する,1
DISE-206,脳梗塞：t-PA静注療法の開始,脳神経内科,▶ 評価する,1
DISE-207,食物依存性運動誘発アナフィラキシー,アレルギー,▶ 評価する,1
DISE-210,新生児一過性多呼吸（TTN）,小児・新生児,▶ 評価する,1
DISE-213,クッシング症候群,内分泌,▶ 評価する,1
DISE-226,異所性妊娠の緊急診断,産婦人科,▶ 評価する,1
DISE-227,胞状奇胎とhCG値の推移,産婦人科,▶ 評価する,1
DISE-228,頚管無力症と頚管縫縮術,産婦人科,▶ 評価する,1
DISE-229,流産・切迫流産の診断と対応,産婦人科,▶ 評価する,1
DISE-230,多胎妊娠の管理とリスク説明,産婦人科,▶ 評価する,1
DISE-231,前期破水（PROM）の検査,産婦人科,▶ 評価する,1
DISE-232,妊娠糖尿病（GDM）の管理,代謝・産科,▶ 評価する,1
DISE-233,子宮復古不全と産褥熱,産婦人科,▶ 評価する,1
DISE-234,新生児黄疸と光線療法,小児科,▶ 評価する,1
DISE-235,呼吸窮迫症候群（RDS）とサーファクタント,小児科,▶ 評価する,1
DISE-236,胎便吸引症候群（MAS）,小児科,▶ 評価する,1
DISE-237,新生児の低血糖とけいれん,小児科,▶ 評価する,1
DISE-238,Down症候群の身体的特徴と診察,小児科・遺伝,▶ 評価する,1
DISE-239,Turner症候群と低身長,小児科・遺伝,▶ 評価する,1
DISE-240,統合失調症（妄想型）の面談,精神科,▶ 評価する,1
DISE-349,片頭痛の拍動性頭痛とトリプタン,脳神経,▶ 評価する,1
DISE-242,双極性障害の躁状態管理,精神科,▶ 評価する,1
DISE-243,パニック発作への急性期対応,精神科,▶ 評価する,1
DISE-244,PTSDと心的外傷後の面談,精神科,▶ 評価する,1
DISE-245,神経性やせ症の身体管理,精神科・内科,▶ 評価する,1
DISE-246,睡眠時無呼吸症候群（SAS）のCPAP指導,呼吸器,▶ 評価する,1
DISE-247,自閉スペクトラム症（ASD）の特性理解,小児・精神,▶ 評価する,1
DISE-248,注意欠如多動性障害（ADHD）の特性,小児・精神,▶ 評価する,1
DISE-249,アトピー性皮膚炎のステロイド外用指導,皮膚科,▶ 評価する,1
DISE-250,蕁麻疹の初期診断と薬物療法,皮膚科,▶ 評価する,1
DISE-251,帯状疱疹とデルマトーム,皮膚科,▶ 評価する,1
DISE-252,白癬と真菌検査の手順,皮膚科,▶ 評価する,1
DISE-253,円形脱毛症の視診と治療説明,皮膚科,▶ 評価する,1
DISE-254,緑内障（急性閉塞隅角緑内障）,眼科,▶ 評価する,1
DISE-255,網膜剥離の視野欠損と緊急性,眼科,▶ 評価する,1
DISE-256,白内障の視力低下と手術説明,眼科,▶ 評価する,1
DISE-257,急性中耳炎の鼓膜所見,耳鼻科,▶ 評価する,1
DISE-258,滲出性中耳炎の聴力管理,耳鼻科,▶ 評価する,1
DISE-259,メニエール病のめまいと眼振,耳鼻科,▶ 評価する,1
DISE-260,顔面神経麻痺（ベル麻痺）の評価,耳鼻科・神経,▶ 評価する,1
DISE-179,重症筋無力症（クリーゼ）,脳神経内科,▶ 評価する,1
DISE-263,突発性難聴の早期受診とステロイド,耳鼻科,▶ 評価する,1
DISE-264,流行性耳下腺炎（ムンプス）,感染症・小児,▶ 評価する,1
DISE-265,市中肺炎のCURB-65評価,呼吸器,▶ 評価する,1
DISE-266,肺結核の感染対策とDOTS,呼吸器・感染症,▶ 評価する,1
DISE-267,慢性閉塞性肺疾患（COPD）の肺機能検査,呼吸器,▶ 評価する,1
DISE-268,気管支喘息のピークフロー管理,呼吸器,▶ 評価する,1
DISE-269,気胸（自然気胸）の胸部X線読影,呼吸器,▶ 評価する,1
DISE-270,睡眠時無呼吸（SAS）の簡易検査,呼吸器,▶ 評価する,1
DISE-271,心不全のNYHA分類と身体所見,循環器,▶ 評価する,1
DISE-272,発作性上室頻拍（PSVT）の息こらえ,循環器,▶ 評価する,1
DISE-273,心房細動（AF）と血栓塞栓症予防,循環器,▶ 評価する,1
DISE-274,心室中隔欠損症（VSD）の収縮期雑音,循環器・小児,▶ 評価する,1
DISE-275,大動脈弁閉鎖不全症（AR）の拡張期雑音,循環器,▶ 評価する,1
DISE-276,感染性心内膜炎（IE）と心雑音,循環器・感染症,▶ 評価する,1
DISE-277,狭心症（労作性）の問診とニトロ,循環器,▶ 評価する,1
DISE-278,急性心筋梗塞のST上昇と緊急処置,循環器・救急,▶ 評価する,1
DISE-279,心筋症（肥大型）の家族歴と心音,循環器,▶ 評価する,1
DISE-280,心膜炎の摩擦音と心電図変化,循環器,▶ 評価する,1
DISE-281,本態性高血圧の生活指導,循環器,▶ 評価する,1
DISE-282,腹部大動脈瘤の破裂リスク説明,血管,▶ 評価する,1
DISE-283,大動脈解離の激痛とStanford分類,血管・救急,▶ 評価する,1
DISE-284,深部静脈血栓症（DVT）と下腿腫脹,血管・救急,▶ 評価する,1
DISE-285,逆流性食道炎と内視鏡所見,消化器,▶ 評価する,1
DISE-286,胃潰瘍・十二指腸潰瘍の腹痛,消化器,▶ 評価する,1
DISE-287,胃がんの早期発見と検診,消化器,▶ 評価する,1
DISE-288,便秘症（機能性）の食事・生活指導,消化器,▶ 評価する,1
DISE-289,過敏性腸症候群（IBS）の腹痛と排便,消化器,▶ 評価する,1
DISE-290,感染性腸炎（ウイルス・細菌）の対応,消化器・感染症,▶ 評価する,1
DISE-291,大腸ポリープと大腸がんの内視鏡,消化器,▶ 評価する,1
DISE-292,痔核（いぼ痔）の診察と排便指導,消化器・外科,▶ 評価する,1
DISE-293,A型肝炎・B型肝炎の感染経路,消化器・感染症,▶ 評価する,1
DISE-294,慢性肝炎と肝細胞がんのスクリーニング,消化器,▶ 評価する,1
DISE-295,アルコール性肝障害と禁酒指導,消化器,▶ 評価する,1
DISE-296,胆石症の疝痛発作とエコー,消化器,▶ 評価する,1
DISE-297,急性胆嚢炎のマーフィー徴候,消化器,▶ 評価する,1
DISE-298,急性膵炎の背部痛とアミラーゼ,消化器,▶ 評価する,1
DISE-299,膵がんの早期徴候（黄疸・糖尿病増悪）,消化器,▶ 評価する,1
DISE-300,鼠径ヘルニアの脱出と還納,外科,▶ 評価する,1
DISE-301,急性糸球体腎炎の乏尿と血尿,腎・泌尿器,▶ 評価する,1
DISE-302,ネフローゼ症候群（微小変化型）,腎・泌尿器,▶ 評価する,1
DISE-303,糖尿病腎症の病期分類と透析,腎・泌尿器,▶ 評価する,1
DISE-304,急性腎障害（AKI）の腎前性・腎性鑑別,腎・泌尿器,▶ 評価する,1
DISE-305,慢性腎臓病（CKD）の生活指導,腎・泌尿器,▶ 評価する,1
DISE-306,低ナトリウム血症とSIADH,腎・泌尿器,▶ 評価する,1
DISE-307,高カリウム血症の心電図変化,腎・泌尿器,▶ 評価する,1
DISE-308,尿路結石の疝痛発作と血尿,腎・泌尿器,▶ 評価する,1
DISE-309,急性腎盂腎炎とCVA叩打痛,腎・泌尿器,▶ 評価する,1
DISE-310,膀胱炎の頻尿と排尿時痛,腎・泌尿器,▶ 評価する,1
DISE-311,前立腺肥大症（BPH）の排尿障害,腎・泌尿器,▶ 評価する,1
DISE-312,前立腺がんのPSAスクリーニング,腎・泌尿器,▶ 評価する,1
DISE-313,精巣捻転症の緊急手術,腎・泌尿器,▶ 評価する,1
DISE-314,子宮頸がん（CIN）とHPVワクチン,産婦人科,▶ 評価する,1
DISE-315,子宮体がんの不正出血とリスク,産婦人科,▶ 評価する,1
DISE-316,子宮筋腫の過多月経と手術,産婦人科,▶ 評価する,1
DISE-317,卵巣腫瘍（皮様嚢腫）と茎捻転,産婦人科,▶ 評価する,1
DISE-318,子宮内膜症の月経困難症,産婦人科,▶ 評価する,1
DISE-319,更年期障害のホットフラッシュ,産婦人科,▶ 評価する,1
DISE-320,乳がん（浸潤性乳管がん）のしこり,乳腺外科,▶ 評価する,1
DISE-321,乳腺炎の授乳指導,乳腺外科,▶ 評価する,1
DISE-322,鉄欠乏性貧血のさじ状爪,血液,▶ 評価する,1
DISE-323,巨赤芽球性貧血（ビタミンB12欠乏）,血液,▶ 評価する,1
DISE-324,溶血性貧血（AIHA）の直接クームス,血液,▶ 評価する,1
DISE-325,急性骨髄性白血病（AML）の芽球,血液,▶ 評価する,1
DISE-326,慢性骨髄性白血病（CML）の染色体,血液,▶ 評価する,1
DISE-327,悪性リンパ腫の無痛性リンパ節腫脹,血液,▶ 評価する,1
DISE-328,多発性骨髄腫（MM）の骨痛とM蛋白,血液,▶ 評価する,1
DISE-329,特発性血小板減少性紫斑病（ITP）,血液,▶ 評価する,1
DISE-330,播種性血管内凝固（DIC）の基礎疾患,血液,▶ 評価する,1
DISE-331,血友病（A/B）の関節内出血,血液,▶ 評価する,1
DISE-332,バセドウ病（Basedow）の眼球突出,内分泌,▶ 評価する,1
DISE-333,橋本病（慢性甲状腺炎）の粘液水腫,内分泌,▶ 評価する,1
DISE-334,副甲状腺機能亢進症と高Ca血症,内分泌,▶ 評価する,1
DISE-335,クッシング症候群の満月様顔貌,内分泌,▶ 評価する,1
DISE-336,原発性アルドステロン症と低K血症,内分泌,▶ 評価する,1
DISE-337,褐色細胞腫の3徴（頭痛・発汗・動悸）,内分泌,▶ 評価する,1
DISE-338,1型糖尿病のインスリン依存状態,代謝,▶ 評価する,1
DISE-339,2型糖尿病の食事・運動・薬物,代謝,▶ 評価する,1
DISE-340,糖尿病ケトアシドーシス（DKA）の治療,代謝・救急,▶ 評価する,1
DISE-341,脂質異常症（高LDL血症）とスタチン,代謝,▶ 評価する,1
DISE-342,痛風発作とコルヒチン,代謝,▶ 評価する,1
DISE-343,高血圧性脳出血（被殻出血）,脳神経,▶ 評価する,1
DISE-344,くも膜下出血（SAH）の突然の頭痛,脳神経,▶ 評価する,1
DISE-345,脳梗塞（アテローム血栓性）の管理,脳神経,▶ 評価する,1
DISE-346,パーキンソン病（PD）の無動と振戦,脳神経,▶ 評価する,1
DISE-347,アルツハイマー型認知症の物忘れ,精神・神経,▶ 評価する,1
DISE-348,てんかん（全般・焦点）の脳波,精神・神経,▶ 評価する,1
PROC-099,基本手技：尿検査（試験紙法）,基本手技,▶ 評価する,1
DISE-350,緊張型頭痛と筋緊張緩和,脳神経,▶ 評価する,1
DISE-351,腰椎椎間板ヘルニアとSLRテスト,整形外科,▶ 評価する,1
DISE-352,腰部脊柱管狭窄症と間欠性跛行,整形外科,▶ 評価する,1
DISE-353,変形性関節症（OA）の膝痛,整形外科,▶ 評価する,1
DISE-354,骨粗鬆症の圧迫骨折とDXA,整形外科,▶ 評価する,1
DISE-355,大腿骨近位部骨折の歩行不能,整形外科,▶ 評価する,1
DISE-356,橈骨遠位端骨折（Colles骨折）,整形外科,▶ 評価する,1
DISE-357,肩関節脱臼の反復性と整復,整形外科,▶ 評価する,1
DISE-358,肘内障の小児と整復手技,整形外科,▶ 評価する,1
DISE-359,アナフィラキシーのアドレナリン筋注,アレルギー,▶ 評価する,1
DISE-360,食物・薬物アレルギーの負荷試験,アレルギー,▶ 評価する,1
DISE-361,関節リウマチ（RA）の朝のこわばり,膠原病,▶ 評価する,1
DISE-362,全身性エリテマトーデス（SLE）と蝶形紅斑,膠原病,▶ 評価する,1
DISE-363,全身性強皮症（SSc）とレイノー現象,膠原病,▶ 評価する,1
DISE-364,皮膚筋炎（DM）とゴットロン徴候,膠原病,▶ 評価する,1
DISE-365,シェーグレン症候群（SjS）の乾燥症状,膠原病,▶ 評価する,1
DISE-366,ベーチェット病（Behçet）の4主症状,膠原病,▶ 評価する,1
DISE-367,インフルエンザの迅速抗原検査,感染症,▶ 評価する,1
DISE-368,麻疹（はしか）のコプリック斑,感染症,▶ 評価する,1
DISE-369,風疹（三日はしか）と先天性風疹症候群,感染症,▶ 評価する,1
DISE-370,水痘（水ぼうそう）の多多彩な発疹,感染症,▶ 評価する,1
DISE-371,HIV・AIDSの指標疾患,感染症,▶ 評価する,1
DISE-372,食中毒（カンピロバクター・ノロ）,感染症,▶ 評価する,1
DISE-373,梅毒の硬性下疳とバラ疹,感染症,▶ 評価する,1
DISE-374,結核の排菌と隔離予防策,感染症,▶ 評価する,1
DISE-375,マラリアの熱周期と予防薬,感染症,▶ 評価する,1
DISE-376,急性アルコール中毒の呼吸抑制,救急,▶ 評価する,1
DISE-377,アルコール依存症の離脱症状,精神科,▶ 評価する,1
DISE-378,睡眠薬（ベンゾジアゼピン系）中毒,救急,▶ 評価する,1
DISE-379,熱中症の重症度分類と冷却,救急,▶ 評価する,1
DISE-380,低体温症の加温法（受動・能動）,救急,▶ 評価する,1
DISE-381,減圧症の関節痛と高気圧酸素,環境,▶ 評価する,1
DISE-382,高山病の頭痛と高度順応,環境,▶ 評価する,1
DISE-383,急性放射線障害（造血器・消化器）,放射線,▶ 評価する,1
DISE-384,交通事故の外傷初期診療（JATE）,救急,▶ 評価する,1
DISE-385,家庭内事故（転倒・誤飲）の予防,老年期・小児,▶ 評価する,1
DISE-386,統合失調症の陽性・陰性症状,精神科,▶ 評価する,1
DISE-387,抑うつ状態と休養の重要性,精神科,▶ 評価する,1
DISE-388,心的外傷後ストレス障害（PTSD）,精神科,▶ 評価する,1
DISE-262,喉頭がんの嗄声と内視鏡診断,耳鼻科,▶ 評価する,1
DISE-391,ADHDの不注意と衝動性,小児・精神,▶ 評価する,1
DISE-392,アトピー性皮膚炎のバリア機能,皮膚科,▶ 評価する,1
DISE-393,蕁麻疹の膨疹と一過性,皮膚科,▶ 評価する,1
DISE-394,帯状疱疹の痛みと水疱,皮膚科,▶ 評価する,1
DISE-395,足白癬（水虫）の抗真菌薬,皮膚科,▶ 評価する,1
DISE-396,円形脱毛症の単発・多発型,皮膚科,▶ 評価する,1
DISE-397,緑内障（慢性）の視野欠損,眼科,▶ 評価する,1
DISE-398,網膜剥離の硝子体手術,眼科,▶ 評価する,1
DISE-399,白内障の加齢変化と手術,眼科,▶ 評価する,1
DISE-400,急性中耳炎の耳痛と鼓膜切開,耳鼻科,▶ 評価する,1
DISE-401,滲出性中耳炎の難聴と通気療法,耳鼻科,▶ 評価する,1
DISE-402,メニエール病の内リンパ水腫,耳鼻科,▶ 評価する,1
DISE-403,顔面神経麻痺（Bell麻痺）,耳鼻科・神経,▶ 評価する,1
DISE-404,急性副鼻腔炎の鼻閉と後鼻漏,耳鼻科,▶ 評価する,1
DISE-405,喉頭がんの嗄声とファイバー,耳鼻科,▶ 評価する,1
DISE-406,ANCA関連血管炎,リウマチ内科,▶ 評価する,1
DISE-407,血友病と関節内出血,血液・リハ,▶ 評価する,1
DISE-408,ナルコレプシーと睡眠衛生,精神・神経科,▶ 評価する,1
DISE-410,消化管間質腫瘍（GIST）,消化器外科,▶ 評価する,1
DISE-412,小児の熱性けいれん：保護者への事後指導,小児科,▶ 評価する,1
DISE-415,筋痛性脳脊髄炎 / 慢性疲労症候群（ME/CFS）,一般内科,▶ 評価する,1
DISE-416,全身性アミロイドーシス,一般内科,▶ 評価する,1
DISE-417,労作性熱中症と多臓器不全,救急,▶ 評価する,1
DISE-418,胃切除後症候群（ダンピング症候群）,消化器外科,▶ 評価する,1
DISE-419,双極性障害（躁状態の評価）,精神科,▶ 評価する,1
DISE-420,小児のRSウイルス・細気管支炎,小児科,▶ 評価する,1
DISE-422,天疱瘡・類天疱瘡,皮膚科,▶ 評価する,1
DISE-423,一過性全健忘（TGA）,脳神経内科,▶ 評価する,1
DISE-426,甲状腺クリーゼ,内分泌・救急,▶ 評価する,1
DISE-427,川崎病,小児科,▶ 評価する,1
DISE-428,網膜静脈閉塞症,眼科,▶ 評価する,1
DISE-430,アルコール離脱症候群・震戦せん妄,精神科・救急,▶ 評価する,1
DISE-432,悪性黒色腫,皮膚科,▶ 評価する,1
DISE-433,急性憩室炎,消化器,▶ 評価する,1
DISE-435,心筋梗塞後・カテーテル治療後の回復期管理,循環器,▶ 評価する,1
DISE-436,ブルガダ症候群,循環器,▶ 評価する,1
DISE-437,代謝性アシドーシスとクスマウル呼吸,救急・代謝,▶ 評価する,1
DISE-439,腸回転異常症・中腸軸捻転,小児外科,▶ 評価する,1
DISE-440,コンパートメント症候群,整形外科,▶ 評価する,1
DISE-441,メタノール中毒,救急・中毒,▶ 評価する,1
DISE-442,胃軸捻転,消化器,▶ 評価する,1
DISE-446,リフィーディング症候群,代謝・栄養,▶ 評価する,1
DISE-447,ウェルニッケ脳症,脳神経内科,▶ 評価する,1
DISE-449,心停止後症候群（PCAS）と体温管理療法,救急・集中治療,▶ 評価する,1
DISE-451,側頭動脈炎（巨細胞性動脈炎）,膠原病,▶ 評価する,1
DISE-452,悪性症候群,精神科・救急,▶ 評価する,1
DISE-456,骨髄異形成症候群（MDS）と高齢者の貧血,血液,▶ 評価する,1
DISE-457,網膜中央動脈閉塞症（CRAO）,眼科,▶ 評価する,1
DISE-458,セロトニン症候群,精神科・救急,▶ 評価する,1
DISE-459,正常圧水頭症（NPH）,脳神経外科,▶ 評価する,1
DISE-461,成人のIgA血管炎（HSP）,膠原病・腎臓,▶ 評価する,1
DISE-463,糖尿病性足病変と骨髄炎,糖尿病・外科,▶ 評価する,1
DISE-466,ワーキング・ショック（Walking Shock）の認知,救急,▶ 評価する,1
DISE-468,高齢者の「無痛性」心筋梗塞（Silent MI）,循環器・老年期,▶ 評価する,1
DISE-472,虐待による頭部外傷（揺さぶられっ子）,小児科・法医学,▶ 評価する,1
DISE-473,医原性気胸（中心静脈穿刺後の合併症）,医療安全・外科,▶ 評価する,1
DISE-475,サルコペニアとフレイルの評価,老年期・リハ,▶ 評価する,1
DISE-481,「画像正常」と「患者の訴え」のギャップ,プロフェッショナリズム,▶ 評価する,1
DISE-501,妊娠悪阻,産婦人科,▶ 評価する,1
DISE-502,産褥期精神障害,精神科・産科,▶ 評価する,1
DISE-503,脂漏性皮膚炎,皮膚科,▶ 評価する,1
DISE-504,真珠腫性中耳炎,耳鼻咽喉科,▶ 評価する,1
DISE-505,ニューモシスチス肺炎,呼吸器・感染症,▶ 評価する,1
DISE-506,びまん性汎細気管支炎（DPB）,呼吸器,▶ 評価する,1
DISE-507,WPW症候群,循環器,▶ 評価する,1
DISE-508,再生不良性貧血,血液,▶ 評価する,1
DISE-509,びまん性軸索損傷（DAI）,脳神経外科,▶ 評価する,1
DISE-510,劇症型A群溶連菌感染症（STSS）,感染症・救急,▶ 評価する,1
DISE-511,HELLP症候群とPRES,産婦人科,▶ 評価する,1
DISE-512,産科ショック指数と弛緩出血,産婦人科,▶ 評価する,1
DISE-515,レビー小体型認知症,精神・神経科,▶ 評価する,1
DISE-516,パニック障害と広場恐怖,精神科,▶ 評価する,1
DISE-517,スティーヴンス・ジョンソン症候群,皮膚科,▶ 評価する,1
DISE-521,急性虫垂炎とマックバーニー点,消化器外科,▶ 評価する,1
DISE-524,脳梗塞とt-PA静注療法,脳神経内科,▶ 評価する,1
DISE-525,肥厚性幽門狭窄症（Ramstedt手術）,小児外科,▶ 評価する,1
PROC-001,血圧測定（水銀/電子血圧計）,全身診察,▶ 評価する,1
PROC-002,橈骨動脈の触診（脈拍測定）,全身診察,▶ 評価する,1
PROC-003,腋窩体温の測定,全身診察,▶ 評価する,1
PROC-004,呼吸数の測定（視診・触診）,全身診察,▶ 評価する,1
PROC-005,眼瞼結膜と眼球結膜の診察,頭頸部,▶ 評価する,1
PROC-006,瞳孔反射（対光反射・調節反射）,頭頸部,▶ 評価する,1
PROC-007,外眼筋運動の診察（H試験）,頭頸部,▶ 評価する,1
PROC-008,口腔・咽頭の視診,頭頸部,▶ 評価する,1
PROC-009,頚部リンパ節の触診,頭頸部,▶ 評価する,1
PROC-010,甲状腺の視診・触診,頭頸部,▶ 評価する,1
PROC-011,心臓の視診・触診（心尖拍動）,循環器診察,▶ 評価する,1
PROC-012,心臓の聴診（各弁口）,循環器診察,▶ 評価する,1
PROC-013,頚静脈の視診（頚静脈怒張）,循環器診察,▶ 評価する,1
PROC-014,肺の視診（胸郭の動き）,呼吸器診察,▶ 評価する,1
PROC-015,肺の聴診（呼吸音・副雑音）,呼吸器診察,▶ 評価する,1
PROC-016,肺の打診,呼吸器診察,▶ 評価する,1
PROC-017,触覚震盪（音声震盪）の検査,呼吸器診察,▶ 評価する,1
PROC-018,腹部の視診（膨隆・蠕動波）,腹部診察,▶ 評価する,1
PROC-019,腹部の聴診（腸雑音・血管雑音）,腹部診察,▶ 評価する,1
PROC-020,腹部の打診,腹部診察,▶ 評価する,1
PROC-021,腹部の浅い触診（筋性防御）,腹部診察,▶ 評価する,1
PROC-022,肝臓の触診,腹部診察,▶ 評価する,1
PROC-023,脾臓の触診,腹部診察,▶ 評価する,1
PROC-024,腎臓の触診,腹部診察,▶ 評価する,1
PROC-025,腹水・波動の検査,腹部診察,▶ 評価する,1
PROC-026,腰部・背部の打診（CVA叩打痛）,泌尿器診察,▶ 評価する,1
PROC-027,末梢浮腫の検査（下腿圧痕）,全身診察,▶ 評価する,1
PROC-028,腋窩・鼠径リンパ節の触診,全身診察,▶ 評価する,1
PROC-029,足背動脈・後脛骨動脈の触診,循環器診察,▶ 評価する,1
PROC-030,脳神経の診察（I〜XII）,神経診察,▶ 評価する,1
PROC-031,徒手筋力テスト（MMT）,神経診察,▶ 評価する,1
PROC-032,深部腱反射（膝蓋・アキレス・上腕）,神経診察,▶ 評価する,1
PROC-033,バビンスキー反射（病的反射）,神経診察,▶ 評価する,1
PROC-034,小脳機能検査（指鼻・膝踵試験）,神経診察,▶ 評価する,1
PROC-035,髄膜刺激徴候（項部硬直・ケルニッヒ）,神経診察,▶ 評価する,1
PROC-036,感覚検査（痛覚・触覚・振動覚）,神経診察,▶ 評価する,1
PROC-037,脊柱の診察（前屈・後屈）,整形外科,▶ 評価する,1
PROC-038,下肢挙上試験（SLRテスト）,整形外科,▶ 評価する,1
PROC-039,パトリックテスト（股関節痛）,整形外科,▶ 評価する,1
PROC-040,皮膚のツルゴール（脱水評価）,全身診察,▶ 評価する,1
PROC-041,眼底検査（直像鏡）,眼科診察,▶ 評価する,1
PROC-042,簡易聴力検査（指擦法）,耳鼻科診察,▶ 評価する,1
PROC-043,鼻鏡検査（鼻腔内視診）,耳鼻科診察,▶ 評価する,1
PROC-044,関節の診察（発赤・腫脹・熱感）,整形外科,▶ 評価する,1
PROC-045,橈骨・尺骨神経の診察,神経診察,▶ 評価する,1
PROC-046,乳房の視診・触診,乳腺診察,▶ 評価する,1
PROC-047,直腸診（前立腺・腫瘤）,外科・泌尿器,▶ 評価する,1
PROC-048,内診・双手診（子宮・卵巣）,産婦人科,▶ 評価する,1
PROC-049,皮膚の視診（発疹・色調）,皮膚科,▶ 評価する,1
PROC-050,毛細血管再充満時間（CRT）,救急,▶ 評価する,1
PROC-051,点滴静脈内注射の準備,基本手技,▶ 評価する,1
PROC-052,翼状針を用いた採血,基本手技,▶ 評価する,1
PROC-053,皮内注射・皮下注射の手技,基本手技,▶ 評価する,1
PROC-054,筋肉内注射の手技,基本手技,▶ 評価する,1
PROC-055,静脈路確保（末梢留置針）,基本手技,▶ 評価する,1
PROC-056,手指衛生（ラビング法・スクラブ法）,感染対策,▶ 評価する,1
PROC-057,滅菌手袋の装着（オープン・クローズ法）,感染対策,▶ 評価する,1
PROC-058,滅菌ガウンの装着,感染対策,▶ 評価する,1
PROC-059,簡易心電図モニターの装着,救急・病棟,▶ 評価する,1
PROC-060,経皮的酸素飽和度（SpO2）の測定,バイタル,▶ 評価する,1
PROC-061,心臓の打診（心濁音界）,循環器診察,▶ 評価する,1
PROC-062,頚静脈圧（JVP）の測定,循環器診察,▶ 評価する,1
PROC-063,頚部血管の聴診（頚部雑音）,循環器診察,▶ 評価する,1
PROC-064,心尖拍動の触診,循環器診察,▶ 評価する,1
PROC-065,心雑音の動的聴診（体位変化）,循環器診察,▶ 評価する,1
PROC-066,胸部脊柱の叩打痛（叩診）,呼吸器診察,▶ 評価する,1
PROC-067,肺尖部の打診,呼吸器診察,▶ 評価する,1
PROC-068,腹部の血管聴診（腹部大動脈）,腹部診察,▶ 評価する,1
PROC-069,脾濁音界の打診,腹部診察,▶ 評価する,1
PROC-070,肝濁音界の境界測定,腹部診察,▶ 評価する,1
PROC-071,反跳痛（ブルンベルグ徴候）の確認,腹部診察,▶ 評価する,1
PROC-072,ローゼンシュタイン徴候（虫垂炎）,腹部診察,▶ 評価する,1
PROC-073,マーフィー徴候（胆嚢炎）,腹部診察,▶ 評価する,1
PROC-074,肋骨脊柱角（CVA）の叩打痛,泌尿器診察,▶ 評価する,1
PROC-075,鼠径管の触診（ヘルニア）,外科診察,▶ 評価する,1
PROC-076,陰嚢の透光試験（水腫）,泌尿器診察,▶ 評価する,1
PROC-077,膝蓋跳動の確認（関節液貯留）,整形外科診察,▶ 評価する,1
PROC-078,膝関節の徒手検査（ドロワー試験）,整形外科診察,▶ 評価する,1
PROC-079,アキレス腱の断裂試験（トンプソン）,整形外科診察,▶ 評価する,1
PROC-080,ホフマン反射・トレムナー反射,神経診察,▶ 評価する,1
PROC-081,ロンベルグ試験（平衡機能）,神経診察,▶ 評価する,1
PROC-082,共同偏視・眼振の診察,神経診察,▶ 評価する,1
PROC-083,顔面神経の診察（表情筋）,神経診察,▶ 評価する,1
PROC-084,副神経の診察（僧帽筋・胸鎖乳突筋）,神経診察,▶ 評価する,1
PROC-085,舌下神経の診察（舌の偏位）,神経診察,▶ 評価する,1
PROC-086,軟口蓋・咽頭反射の診察,神経診察,▶ 評価する,1
PROC-087,二点識別覚の検査,神経診察,▶ 評価する,1
PROC-088,位置覚・運動覚の検査,神経診察,▶ 評価する,1
PROC-089,振動覚の検査（音叉）,神経診察,▶ 評価する,1
PROC-090,ステレオグノーシス（立体認知）,神経診察,▶ 評価する,1
PROC-091,救急：気道確保（頭部後屈顎先拳上）,救急処置,▶ 評価する,1
PROC-092,救急：下顎拳上法,救急処置,▶ 評価する,1
PROC-093,救急：口腔内吸引の手技,救急処置,▶ 評価する,1
PROC-094,救急：咽頭エアウェイの挿入,救急処置,▶ 評価する,1
PROC-095,救急：止血法（直接圧迫止血）,救急処置,▶ 評価する,1
PROC-096,救急：頸椎カラーの装着,救急処置,▶ 評価する,1
PROC-097,救急：バックボードへの固定,救急処置,▶ 評価する,1
PROC-098,救急：一次救命処置（BLS）の全行程,救急処置,▶ 評価する,1
DISE-390,自閉スペクトラム症（ASD）の社会的特性,小児・精神,▶ 評価する,1
PROC-100,基本手技：便潜血検査の手順,基本手技,▶ 評価する,1
PROC-101,検査：心電図検査の電極装着（12誘導）,基本手技,▶ 評価する,1
PROC-102,検査：簡易視力検査（スネレン）,眼科診察,▶ 評価する,1
PROC-103,検査：簡易視野検査（対面法）,眼科診察,▶ 評価する,1
PROC-104,検査：色覚検査（石原表）,眼科診察,▶ 評価する,1
PROC-105,外科：手術手洗いの全工程,手術手技,▶ 評価する,1
PROC-106,外科：メスの持ち方・操作,手術手技,▶ 評価する,1
PROC-107,外科：持針器の操作と糸結び,手術手技,▶ 評価する,1
PROC-108,外科：鑷子（ピンセット）の操作,手術手技,▶ 評価する,1
PROC-109,外科：止血鉗子（コッヘル・ペアン）の操作,手術手技,▶ 評価する,1
PROC-110,外科：ドレーンの管理（排液の観察）,術後管理,▶ 評価する,1
PROC-111,処置：中心静脈カテーテル挿入の介助,基本手技,▶ 評価する,1
PROC-112,処置：胸腔ドレナージの介助,呼吸器処置,▶ 評価する,1
PROC-113,処置：腹腔ドレナージの介助,消化器処置,▶ 評価する,1
PROC-114,処置：腰椎穿刺の体位保持と介助,神経診察,▶ 評価する,1
PROC-115,処置：創部の消毒（無菌的交換）,外科処置,▶ 評価する,1
PROC-116,処置：包帯法（螺旋帯・環転帯）,外科処置,▶ 評価する,1
PROC-117,処置：副子の装着（シーネ固定）,整形外科処置,▶ 評価する,1
PROC-118,処置：浣腸の手技,基本手技,▶ 評価する,1
PROC-119,処置：摘便の手技,基本手技,▶ 評価する,1
PROC-120,検査：鼻咽頭スワブの採取,基本手技,▶ 評価する,1
PROC-121,婦人科：膣鏡（クスコ）の挿入,産婦人科診察,▶ 評価する,1
PROC-122,婦人科：子宮頸部細胞診の採取,産婦人科診察,▶ 評価する,1
PROC-123,耳鼻科：ネブライザー吸入の介助,耳鼻科処置,null,1
PROC-124,小児科：乳幼児の身体計測（身長・頭囲）,小児科診察,null,1
PROC-125,小児科：乳幼児の股関節脱臼検査,小児科診察,null,1
PROC-126,精神科：精神状態短時間検査（MMSE）,精神科診察,null,1
PROC-127,老年期：認知症のスクリーニング（HDS-R）,老年期診察,null,1
PROC-128,リハ：ADL評価（Barthel Index）,リハビリテーション,null,1
PROC-129,救急：心マッサージ（胸骨圧迫）の深さと速さ,救急処置,null,1
PROC-130,救急：除細動器の安全な操作（充電・放電）,救急処置,null,1
PROC-131,診察：リンパ節の視診・触診（全身）,全身診察,null,1
PROC-132,診察：皮膚の脱水サイン（ハンカチ徴候）,全身診察,null,1
PROC-133,診察：手掌紅斑と蜘蛛状血管腫,腹部診察,null,1
PROC-134,診察：腹部大動脈の拍動触診,腹部診察,null,1
PROC-135,診察：腹壁静脈の怒張（メデューサの頭）,腹部診察,null,1
PROC-136,診察：シンスプリーニング試験（脾腫）,腹部診察,null,1
PROC-137,診察：肝臓の打診（肝濁音界の消失）,腹部診察,null,1
PROC-138,診察：膝蓋腱反射の減弱（片側）,神経診察,null,1
PROC-139,診察：バビンスキー反射の誘発方法,神経診察,null,1
PROC-140,診察：頚部硬直（髄膜刺激症状）の確認法,神経診察,null,1
PROC-141,患者の移送（車椅子・ストレッチャー）,看護・介助,null,1
PROC-142,創傷の洗浄と被覆,外科処置,null,1
PROC-143,局所麻酔の手技（浸潤麻酔）,外科処置,null,1
PROC-144,単結節縫合の手技,外科処置,null,1
PROC-145,胃管（マーフィー管）の挿入,基本手技,null,1
PROC-146,導尿の手技（ネラトン・留置）,泌尿器処置,null,1
PROC-147,酸素吸入の準備（鼻カニュラ・マスク）,呼吸器処置,null,1
PROC-148,バッグバルブマスク（BVM）による換気,救急処置,null,1
PROC-149,AEDの使用と電気ショック,救急処置,null,1
PROC-150,気管挿管の介助と確認,救急処置,null,1
PROC-151,小児の蘇生現場,救急・小児科,null,1
PROC-152,小児の口腔内診察風景,小児科,null,1
PROC-156,輸血の実施と安全確認,血液・安全,null,1
PROC-157,血液透析の導入とシャント診察,腎臓内科,null,1
PROC-158,緊張性気胸の緊急脱気,救急・呼吸器,null,1
PROC-159,術後イレウス（腸閉塞）の評価,外科・病棟,null,1
PROC-161,動物咬傷と破傷風予防,救急・外来,null,1
PROC-162,腹部大動脈瘤のスクリーニング,循環器・血管,null,1
PROC-163,脳死判定プロトコル,集中治療・倫理,null,1
PROC-164,気道異物除去（ハイムリック法）,救急,null,1
PROC-168,災害現場でのトリアージ（START法）,災害医療,null,1
PROC-171,経カテーテル大動脈弁留置術（TAVI）の見学,循環器外科,null,1
PROC-172,高度な個人防護具（PPE）の着脱,感染管理,null,1
PROC-173,未熟児網膜症の診察,小児科・眼科,null,1
PROC-174,腹膜透析（CAPD）の管理と指導,腎臓内科,null,1
PROC-198,重症不整脈：心室細動（除細動）,救急,null,1
PROC-208,心タンポナーデ：緊急心嚢穿刺の準備,循環器・救急,null,1
PROC-209,高度感染症対策：陰圧テント内での診察,感染症・安全,null,1
PROC-211,多剤耐性菌（MDRO）対策と接触予防策,感染管理,null,1
PROC-214,ロボット支援下手術（ダヴィンチ）の見学,外科教育,null,1
PROC-409,難治性腹水に対する腹腔穿刺,消化器,null,1
PROC-411,脳卒中後の回復期リハビリテーション,リハビリテーション,null,1
PROC-425,内科・在宅での簡易エコー（POCUS）の活用,総合診療,null,1
PROC-431,耳鼻科・小児の異物（鼻腔・外耳道異物）,耳鼻咽喉科,null,1
PROC-438,重症筋無力症の簡易検査（アイスパックテスト）,脳神経内科,null,1
PROC-450,収縮期雑音の鑑別（AS vs MR）,循環器,null,1
PROC-453,小児の腸重積：触診のピットフォール,小児外科,null,1
PROC-462,緊張型頭痛 vs 片頭痛の診察,脳神経内科,null,1
PROC-469,起立性低血圧の評価,老年期・総合診療,null,1
PROC-471,肝硬変の皮膚所見（蜘蛛状血管腫）,消化器,null,1
PROC-476,心臓聴診の極意：III音・IV音のキャッチ,循環器,null,1
PROC-477,肝臓触診の極意：プロの「柔らかな手」,消化器,null,1
PROC-483,神経診察：プロの視診（僅かな左右差）,脳神経内科,null,1
PROC-484,小児の痛みを伴う処置：プレパレーション,小児科,null,1
PROC-513,新生児のApgarスコア評価,小児科,null,1
PROC-514,胎児機能不全のCTG読影,産婦人科,null,1
PROC-518,ニコルスキー現象の確認,皮膚科,null,1
PROC-519,大動脈弁狭窄症とTAVI,循環器,null,1
PROC-520,胃静脈瘤とBRTO,消化器・放射線,null,1
SYMP-181,発熱の医療面接,全身,null,1
SYMP-182,全身倦怠感の医療面接,全身,null,1
SYMP-183,食欲不振の医療面接,消化器,null,1
SYMP-184,体重減少・増加の医療面接,代謝,null,1
SYMP-185,浮腫の医療面接,循環器・腎臓,null,1
SYMP-186,発疹の医療面接,皮膚,null,1
SYMP-187,黄疸の医療面接,消化器,null,1
SYMP-188,腹水（腹部膨隆）の医療面接,消化器,null,1
SYMP-189,貧血・出血傾向の医療面接,血液,null,1
SYMP-190,意識障害の医療面接（家族から）,救急・神経,null,1
SYMP-191,痙攣の医療面接,神経,null,1
SYMP-192,めまいの医療面接,耳鼻科・神経,null,1
SYMP-193,頭痛の医療面接,神経,null,1
SYMP-194,視力障害・眼痛の医療面接,眼科,null,1
SYMP-195,聴覚障害の医療面接,耳鼻科,null,1
SYMP-196,鼻出血の医療面接,耳鼻科,null,1
SYMP-197,動悸の医療面接,循環器,null,1
SYMP-198,呼吸困難の医療面接,呼吸器・循環器,null,1
SYMP-199,咳嗽・喀痰の医療面接,呼吸器,null,1
SYMP-200,喀血・血痰の医療面接,呼吸器,null,1
SYMP-201,胸痛の医療面接,循環器・呼吸器,null,1
SYMP-202,腹痛の医療面接,消化器,null,1
SYMP-203,悪心・嘔吐の医療面接,消化器,null,1
SYMP-204,吐血・下血の医療面接,消化器,null,1
SYMP-205,便秘・下痢の医療面接,消化器,null,1
SYMP-206,黄疸の医療面接（再掲）,消化器,null,1
SYMP-207,腰背部痛の医療面接,整形外科・泌尿器,null,1
SYMP-208,関節痛・関節腫脹の医療面接,膠原病・整形,null,1
SYMP-209,筋力低下の医療面接,神経,null,1
SYMP-210,歩行障害の医療面接,神経・整形,null,1
SYMP-211,感覚障害の医療面接,神経,null,1
SYMP-212,排尿障害（尿閉・頻尿）の医療面接,泌尿器,null,1
SYMP-213,血尿・蛋白尿の医療面接,泌尿器・腎臓,null,1
SYMP-214,月経異常の医療面接,産婦人科,null,1
SYMP-215,不安・不眠の医療面接,精神科,null,1
SYMP-216,抑うつの医療面接,精神科,null,1
SYMP-217,認知機能障害・もの忘れの医療面接,精神・神経,null,1
PROC-464,間質性肺疾患（ILD）のベルクロ・ラッセル音,呼吸器,null,1
DISE-389,摂食障害（拒食症）の身体合併症,精神科,▶ 評価する,1
DISE-261,急性副鼻腔炎の圧痛と治療,耳鼻科,▶ 評価する,1
DISE-178,急性閉塞性化膿性胆管炎（AOSC）,消化器,▶ 評価する,1
COMP-478,診断がつかない時の「臨床的沈黙」,プロフェッショナリズム,▶ 評価する,1
COMP-414,HIVの予防とスクリーニング,公衆衛生,▶ 評価する,1
COMP-219,多職種合同退院支援カンファレンス,地域医療,▶ 評価する,1
COMP-215,家族同席下での心肺蘇生,救急・倫理,▶ 評価する,1
COMP-194,ゲノム医療と遺伝カウンセリング,次世代医療,▶ 評価する,1
COMP-191,バッドニュースの告知,プロフェッショナリズム,▶ 評価する,1